test,r,p,n
Original gap,0.5018424146414159,7.761227845204255e-44,667
Mean reversion,0.4929272761550982,3.974547631435925e-42,667
-OPS baseline,0.4331926266841559,6.910018441020427e-32,667
Tools component,-0.051564459453434075,4.440892098500626e-16,667
Combined model,0.5607211034026927,1.70622694938161e-56,667
